sourceid,services
23450086,La Compagnia dei Birichini
265635866,CSS Comunita Socio Sanitaria E Beltrami CSS
265635866,Villa Clerici - Galleria D'arte Sacra dei
265635866,"Centro di Consultazione Psicopedagogica ""Villa"
265635866,CDD C C Colombo Vanzago
265635866,Centro Diurno Pangea
265635866,Mondo Piccino
271626109,Cipm Centro Italiano per la Promozione della
271626109,G. Cassinis
23450361,Teatro della Cooperativa
23450361,Cassinis Gino - Trasferita in Via Calboli 1 Via
23450361,Progetti di accoglienza
265635872,Progetti di accoglienza
23450443,CSS Comunita Socio Sanitaria E Beltrami CSS
23450443,Villa Clerici - Galleria D'arte Sacra dei
23450443,"Centro di Consultazione Psicopedagogica ""Villa"
23450443,CDD C C Colombo Vanzago
23450443,Centro Diurno Pangea
23450443,Mondo Piccino
265635874,Progetti di accoglienza
265929586,La Compagnia dei Birichini
23450312,Progetti di accoglienza
271626108,Cipm Centro Italiano per la Promozione della
271626108,G. Cassinis
265635874,Progetti di accoglienza
23450442,Malnati Federico
211245922,La Compagnia dei Birichini
286868369,Biblioteca Niguarda
286868369,Sedi Anagrafe Decentrate Zona 9 Niguarda
286868369,Zona Niguarda
286868370,CAD Centro Aggregazione Disabili
286868370,SFA Servizi Formazione Autonomia
286868370,Ornato
23228983,Locchi
23228983,G. Cassinis
